{
  "components": ["NI", "F", "K"],
  "phases": ["KF_S1(S)", "LIQUID", "NIF2_S1(S)","NIKF3_S1(S)","NIK2F4_S1(S)"],
  "conditions": {
	  "P": 101325,
	  "T": [1076,	1068,	1069,	1067,	1069,	1068,	1067,	1067,	1062,	1062,	1199,	1199,	1202,	1197,	1202,	1203,	1199,	1189,	1347,	1353,	1352,	1353,	1352]
  },
  "broadcast_conditions": false,
  "output": "ZPF",
  "values":   [			   
			   [["LIQUID", ["F","NI"], [0.523258177112813,0.0465163542256257]], ["KF_S1(S)", ["F","K"], [null,null]], ["NIK2F4_S1(S)", ["F","NI"], [null,null]]],
			   [["LIQUID", ["F","NI"], [0.523258177112813,0.0465163542256257]], ["KF_S1(S)", ["F","K"], [null,null]], ["NIK2F4_S1(S)", ["F","NI"], [null,null]]],
			   [["LIQUID", ["F","NI"], [0.523258177112813,0.0465163542256257]], ["KF_S1(S)", ["F","K"], [null,null]], ["NIK2F4_S1(S)", ["F","NI"], [null,null]]],
			   [["LIQUID", ["F","NI"], [0.523258177112813,0.0465163542256257]], ["KF_S1(S)", ["F","K"], [null,null]], ["NIK2F4_S1(S)", ["F","NI"], [null,null]]],
			   [["LIQUID", ["F","NI"], [0.523258177112813,0.0465163542256257]], ["KF_S1(S)", ["F","K"], [null,null]], ["NIK2F4_S1(S)", ["F","NI"], [null,null]]],
			   [["LIQUID", ["F","NI"], [0.523258177112813,0.0465163542256257]], ["KF_S1(S)", ["F","K"], [null,null]], ["NIK2F4_S1(S)", ["F","NI"], [null,null]]],
			   [["LIQUID", ["F","NI"], [0.523258177112813,0.0465163542256257]], ["KF_S1(S)", ["F","K"], [null,null]], ["NIK2F4_S1(S)", ["F","NI"], [null,null]]],
			   [["LIQUID", ["F","NI"], [0.523258177112813,0.0465163542256257]], ["KF_S1(S)", ["F","K"], [null,null]], ["NIK2F4_S1(S)", ["F","NI"], [null,null]]],   
 			   [["LIQUID", ["F","NI"], [0.523258177112813,0.0465163542256257]], ["KF_S1(S)", ["F","K"], [null,null]], ["NIK2F4_S1(S)", ["F","NI"], [null,null]]],
			   [["LIQUID", ["F","NI"], [0.523258177112813,0.0465163542256257]], ["KF_S1(S)", ["F","K"], [null,null]], ["NIK2F4_S1(S)", ["F","NI"], [null,null]]],        
      
      
			   [["LIQUID", ["F","NI"], [0.552653530933170,0.105307061866340]], ["NIKF3_S1(S)", ["F","NI"], [null,null]], ["NIK2F4_S1(S)", ["F","NI"], [null,null]]],
			   [["LIQUID", ["F","NI"], [0.552653530933170,0.105307061866340]], ["NIKF3_S1(S)", ["F","NI"], [null,null]], ["NIK2F4_S1(S)", ["F","NI"], [null,null]]],
			   [["LIQUID", ["F","NI"], [0.552653530933170,0.105307061866340]], ["NIKF3_S1(S)", ["F","NI"], [null,null]], ["NIK2F4_S1(S)", ["F","NI"], [null,null]]],    
			   [["LIQUID", ["F","NI"], [0.552653530933170,0.105307061866340]], ["NIKF3_S1(S)", ["F","NI"], [null,null]], ["NIK2F4_S1(S)", ["F","NI"], [null,null]]],
			   [["LIQUID", ["F","NI"], [0.552653530933170,0.105307061866340]], ["NIKF3_S1(S)", ["F","NI"], [null,null]], ["NIK2F4_S1(S)", ["F","NI"], [null,null]]],      
			   [["LIQUID", ["F","NI"], [0.552653530933170,0.105307061866340]], ["NIKF3_S1(S)", ["F","NI"], [null,null]], ["NIK2F4_S1(S)", ["F","NI"], [null,null]]],    
			   [["LIQUID", ["F","NI"], [0.552653530933170,0.105307061866340]], ["NIKF3_S1(S)", ["F","NI"], [null,null]], ["NIK2F4_S1(S)", ["F","NI"], [null,null]]],
			   [["LIQUID", ["F","NI"], [0.552653530933170,0.105307061866340]], ["NIKF3_S1(S)", ["F","NI"], [null,null]], ["NIK2F4_S1(S)", ["F","NI"],[null,null]]], 

			   [["LIQUID", ["F","NI"], [0.619312444454402,0.238624888908804]], ["NIF2_S1(S)", ["F","NI"], [null,null]], ["NIKF3_S1(S)", ["F","NI"], [null,null]]],				   
			   [["LIQUID", ["F","NI"], [0.619312444454402,0.238624888908804]], ["NIF2_S1(S)", ["F","NI"], [null,null]], ["NIKF3_S1(S)", ["F","NI"], [null,null]]],	
			   [["LIQUID", ["F","NI"], [0.619312444454402,0.238624888908804]], ["NIF2_S1(S)", ["F","NI"], [null,null]], ["NIKF3_S1(S)", ["F","NI"], [null,null]]],				   
			   [["LIQUID", ["F","NI"], [0.619312444454402,0.238624888908804]], ["NIF2_S1(S)", ["F","NI"], [null,null]], ["NIKF3_S1(S)", ["F","NI"], [null,null]]],	
			   [["LIQUID", ["F","NI"], [0.619312444454402,0.238624888908804]], ["NIF2_S1(S)", ["F","NI"], [null,null]], ["NIKF3_S1(S)", ["F","NI"], [null,null]]]
      
      
					   ],
  "reference": "S.V. Petrov (1989)"
}
