{
  "components": ["NI", "F", "K"],
  "phases": ["KF_S1(S)", "LIQUID", "NIF2_S1(S)","NIKF3_S1(S)","NIK2F4_S1(S)"],
  "conditions": {
	  "P": 101325,
	  "T": [1461,1431,1376,1386,1403,1405,1403,1390,1362,1330,1320,1295,1256,1231,1225,1211,1206,1196,
           1171,1122,1103]
  },
  "broadcast_conditions": false,
  "output": "ZPF",
  "values":   [			   
			   [["LIQUID", ["F","NI"], [0.636394500256216,0.272789000512432]], ["NIF2_S1(S)", ["F","NI"], [null,null]]],				   
			   [["LIQUID", ["F","NI"], [0.631976906003233,0.263953812006467]], ["NIF2_S1(S)", ["F","NI"], [null,null]]],	   
      
			   [["LIQUID", ["F","NI"], [0.620540869365055,0.241081738730110]], ["NIF2_S1(S)", ["F","NI"], [null,null]],["NIKF3_S1(S)", ["F","NI"], [null,null]]],	
      
			   [["LIQUID", ["F","NI"], [0.612646409876389,0.225292819752777]], ["NIKF3_S1(S)", ["F","NI"], [null,null]]],	       
			   [["LIQUID", ["F","NI"], [0.604800035848747,0.209600071697494]], ["NIKF3_S1(S)", ["F","NI"], [null,null]]],
			   [["LIQUID", ["F","NI"], [0.6,0.2]], ["NIKF3_S1(S)", ["F","NI"], [null,null]]], 
               [["LIQUID", ["F","NI"], [0.595029239696811,0.190058479393621]], ["NIKF3_S1(S)", ["F","NI"], [null,null]]], 
               [["LIQUID", ["F","NI"], [0.589957218584142,0.179914437168285]], ["NIKF3_S1(S)", ["F","NI"], [null,null]]], 
               [["LIQUID", ["F","NI"], [0.579853087170170,0.159706174340340]], ["NIKF3_S1(S)", ["F","NI"], [null,null]]],       
               [["LIQUID", ["F","NI"], [0.573942930425842,0.147885860851683]], ["NIKF3_S1(S)", ["F","NI"], [null,null]]],       
               [["LIQUID", ["F","NI"], [0.569686864504955,0.139373729009910]], ["NIKF3_S1(S)", ["F","NI"], [null,null]]],       
               [["LIQUID", ["F","NI"], [0.566031576256824,0.132063152513647]], ["NIKF3_S1(S)", ["F","NI"], [null,null]]],  
               [["LIQUID", ["F","NI"], [0.561136613618534,0.122273227237068]], ["NIKF3_S1(S)", ["F","NI"], [null,null]]],
               [["LIQUID", ["F","NI"], [0.559239826747225,0.118479653494450]], ["NIKF3_S1(S)", ["F","NI"], [null,null]]],
               [["LIQUID", ["F","NI"], [0.557810507163194,0.115621014326388]], ["NIKF3_S1(S)", ["F","NI"], [null,null]]],      
               [["LIQUID", ["F","NI"], [0.553466381138901,0.106932762277802]], ["NIKF3_S1(S)", ["F","NI"], [null,null]]],
               [["LIQUID", ["F","NI"], [0.551262913249370,0.102525826498741]], ["NIKF3_S1(S)", ["F","NI"], [null,null]],["NIK2F4_S1(S)", ["F","NI"], [null,null]]],        
      
               [["LIQUID", ["F","NI"], [0.549036053560966,0.0980721071219325]], ["NIK2F4_S1(S)", ["F","NI"], [null,null]]],       
               [["LIQUID", ["F","NI"], [0.542478177583924,0.0849563551678476]], ["NIK2F4_S1(S)", ["F","NI"], [null,null]]],   
               [["LIQUID", ["F","NI"], [0.531469317967725,0.0629386359354494]], ["NIK2F4_S1(S)", ["F","NI"], [null,null]]],   
      
			   [["LIQUID", ["F","NI"], [0.512062632198731,0.0241252643974626]],["KF_S1(S)", ["F","K"], [null,null]]]			   
					   ],
  "reference": "S.V. Petrov (1989)"
}
